Town;County
Ampthill;Bedfordshire
Arlesey;Bedfordshire
Bedford;Bedfordshire
Biggleswade;Bedfordshire
Dunstable;Bedfordshire
Flitwick;Bedfordshire
Houghton Regis;Bedfordshire
Kempston;Bedfordshire
Leighton Buzzard;Bedfordshire
Linslade;Bedfordshire
Luton;Bedfordshire
Potton;Bedfordshire
Sandy;Bedfordshire
Shefford;Bedfordshire
Stotfold;Bedfordshire
Wixams;Bedfordshire
Woburn;Bedfordshire
Ascot;Berkshire
Bracknell;Berkshire
Crowthorne;Berkshire
Earley;Berkshire
Eton;Berkshire
Hungerford;Berkshire
Lambourn;Berkshire
Maidenhead;Berkshire
Newbury;Berkshire
Reading;Berkshire
Sandhurst;Berkshire
Slough;Berkshire
Thatcham;Berkshire
Windsor;Berkshire
Wokingham;Berkshire
Woodley;Berkshire
Bristol;Bristol
Amersham;Buckinghamshire
Aylesbury;Buckinghamshire
Beaconsfield;Buckinghamshire
Bletchley;Buckinghamshire
Buckingham;Buckinghamshire
Chesham;Buckinghamshire
Fenny Stratford;Buckinghamshire
High Wycombe;Buckinghamshire
Marlow;Buckinghamshire
Milton Keynes;Buckinghamshire
Newport Pagnell;Buckinghamshire
Olney;Buckinghamshire
Princes Risborough;Buckinghamshire
Stony Stratford;Buckinghamshire
Wendover;Buckinghamshire
Winslow;Buckinghamshire
Woburn Sands;Buckinghamshire
Wolverton and Greenleys;Buckinghamshire
Cambridge;Cambridgeshire
Chatteris;Cambridgeshire
Ely;Cambridgeshire
Fulbourn;Cambridgeshire
Godmanchester;Cambridgeshire
Hanley Grange;Cambridgeshire
Huntingdon;Cambridgeshire
March;Cambridgeshire
Northstowe;Cambridgeshire
Peterborough;Cambridgeshire
Ramsey;Cambridgeshire
Soham;Cambridgeshire
St Ives;Cambridgeshire
St Neots;Cambridgeshire
Whittlesey;Cambridgeshire
Wisbech;Cambridgeshire
Alsager;Cheshire
Birchwood;Cheshire
Bollington;Cheshire
Chester;Cheshire
Congleton;Cheshire
Crewe;Cheshire
Ellesmere Port;Cheshire
Frodsham;Cheshire
Knutsford;Cheshire
Macclesfield;Cheshire
Malpas;Cheshire
Middlewich;Cheshire
Nantwich;Cheshire
Neston;Cheshire
Northwich;Cheshire
Poynton with Worth;Cheshire
Runcorn;Cheshire
Sandbach;Cheshire
Warrington;Cheshire
Widnes;Cheshire
Wilmslow;Cheshire
Winsford;Cheshire
Bodmin;Cornwall
Bude;Cornwall
Callington;Cornwall
Camborne;Cornwall
Camelford;Cornwall
Charlestown;Cornwall
Falmouth;Cornwall
Fowey;Cornwall
Hayle;Cornwall
Helston;Cornwall
Launceston;Cornwall
Liskeard;Cornwall
Looe;Cornwall
Lostwithiel;Cornwall
Marazion;Cornwall
Newlyn;Cornwall
Newquay;Cornwall
Padstow;Cornwall
Par;Cornwall
Penryn;Cornwall
Penzance;Cornwall
Porthleven;Cornwall
Redruth;Cornwall
Saltash;Cornwall
St Austell;Cornwall
St Blazey;Cornwall
St Columb Major;Cornwall
St Ives;Cornwall
St Just;Cornwall
St Mawes;Cornwall
Stratton;Cornwall
Torpoint;Cornwall
Truro;Cornwall
Wadebridge;Cornwall
Barnard Castle;County Durham
Billingham;County Durham
Bishop Auckland;County Durham
Chester le Street;County Durham
Consett;County Durham
Crook;County Durham
Darlington;County Durham
Durham;County Durham
Eaglescliffe;County Durham
Eastington;County Durham
Ferryhill;County Durham
Greater Willington;County Durham
Hartlepool;County Durham
Newton Aycliffe;County Durham
Peterlee;County Durham
Seaham;County Durham
Sedgefield;County Durham
Shildon;County Durham
Spennymoor;County Durham
Stanhope;County Durham
Stanley;County Durham
Stockton on Tees;County Durham
Tow Law;County Durham
Willington;County Durham
Wolsingham;County Durham
Alston;Cumbria
Ambleside;Cumbria
Appleby in Westmorland;Cumbria
Aspatria;Cumbria
Barrow in Furness;Cumbria
Bowness on Windermere;Cumbria
Brampton;Cumbria
Broughton in Furness;Cumbria
Carlisle;Cumbria
Cleator Moor;Cumbria
Cockermouth;Cumbria
Dalton in Furness;Cumbria
Egremont;Cumbria
Grange over Sands;Cumbria
Harrington;Cumbria
Kendal;Cumbria
Keswick;Cumbria
Kirkby Lonsdale;Cumbria
Kirkby Stephen;Cumbria
Longtown;Cumbria
Maryport;Cumbria
Millom;Cumbria
Milnthorpe;Cumbria
Orgill;Cumbria
Penrith;Cumbria
Sedbergh;Cumbria
Silloth;Cumbria
Staveley;Cumbria
Ulverston;Cumbria
Whitehaven;Cumbria
Wigton;Cumbria
Windermere;Cumbria
Workington;Cumbria
Alfreton;Derbyshire
Ashbourne;Derbyshire
Bakewell;Derbyshire
Barrow Hill and Whittington;Derbyshire
Belper;Derbyshire
Bolsover;Derbyshire
Buxton;Derbyshire
Chapel en le Frith;Derbyshire
Chesterfield;Derbyshire
Clay Cross;Derbyshire
Darley Dale;Derbyshire
Derby;Derbyshire
Dronfield;Derbyshire
Dronfield Woodhouse;Derbyshire
Eckington;Derbyshire
Fairfield;Derbyshire
Glossop;Derbyshire
Hadfield;Derbyshire
Heanor;Derbyshire
Ilkeston;Derbyshire
Killamarsh;Derbyshire
Langley Mill;Derbyshire
Long Eaton;Derbyshire
Matlock;Derbyshire
Melbourne;Derbyshire
Netherthorpe;Derbyshire
New Mills;Derbyshire
Over Woodhouse;Derbyshire
Ripley;Derbyshire
Sandiacre;Derbyshire
Shallcross;Derbyshire
Shirebrook;Derbyshire
Staveley;Derbyshire
Swadlincote;Derbyshire
Whaley Bridge;Derbyshire
Wirksworth;Derbyshire
Ashburton;Devon
Axminster;Devon
Bampton;Devon
Barnstaple;Devon
Bideford;Devon
Bovey Tracey;Devon
Bradninch;Devon
Brixham;Devon
Buckfastleigh;Devon
Budleigh Salterton;Devon
Chagford;Devon
Chudleigh;Devon
Chulmleigh;Devon
Colyton;Devon
Crediton;Devon
Cullompton;Devon
Dartmouth;Devon
Dawlish;Devon
Exeter;Devon
Exmouth;Devon
Great Torrington;Devon
Hartland;Devon
Hatherleigh;Devon
Highampton;Devon
Holsworthy;Devon
Honiton;Devon
Ilfracombe;Devon
Ivybridge;Devon
Kingsbridge;Devon
Kingsteignton;Devon
Lynton;Devon
Modbury;Devon
Moretonhampstead;Devon
Newton Abbot;Devon
North Tawton;Devon
Northam;Devon
Okehampton;Devon
Ottery St Mary;Devon
Paignton;Devon
Plymouth;Devon
Princetown;Devon
Salcombe;Devon
Seaton;Devon
Sherford;Devon
Sidmouth;Devon
South Molton;Devon
Tavistock;Devon
Teignmouth;Devon
Tiverton;Devon
Topsham;Devon
Torquay;Devon
Totnes;Devon
Beaminster;Dorset
Blandford Forum;Dorset
Bournemouth;Dorset
Bridport;Dorset
Chickerell;Dorset
Christchurch;Dorset
Dorchester;Dorset
Ferndown;Dorset
Gillingham;Dorset
Highcliffe;Dorset
Lyme Regis;Dorset
Poole;Dorset
Portland;Dorset
Shaftesbury;Dorset
Sherborne;Dorset
Stalbridge;Dorset
Sturminster Newton;Dorset
Swanage;Dorset
Verwood;Dorset
Wareham;Dorset
Weymouth;Dorset
Wimborne Minster;Dorset
Beverley;East Riding of Yorkshire
Bridlington;East Riding of Yorkshire
Brough;East Riding of Yorkshire
Driffield;East Riding of Yorkshire
Goole;East Riding of Yorkshire
Hedon;East Riding of Yorkshire
Hessle;East Riding of Yorkshire
Hornsea;East Riding of Yorkshire
Howden;East Riding of Yorkshire
Market Weighton;East Riding of Yorkshire
Pocklington;East Riding of Yorkshire
Snaith;East Riding of Yorkshire
South Cave;East Riding of Yorkshire
Withernsea;East Riding of Yorkshire
Battle;East Sussex
Bexhill on Sea;East Sussex
Brighton;East Sussex
Crowborough;East Sussex
Eastbourne;East Sussex
Hailsham;East Sussex
Hastings;East Sussex
Heathfield;East Sussex
Hove;East Sussex
Lewes;East Sussex
Newhaven;East Sussex
Ore Valley;East Sussex
Peacehaven;East Sussex
Polegate;East Sussex
Rye;East Sussex
Seaford;East Sussex
Telscombe;East Sussex
Uckfield;East Sussex
Wadhurst;East Sussex
Winchelsea;East Sussex
Basildon;Essex
Billericay;Essex
Braintree;Essex
Brentwood;Essex
Brightlingsea;Essex
Buckhurst Hill;Essex
Burnham on Crouch;Essex
Canvey Island;Essex
Chafford Hundred;Essex
Chelmsford;Essex
Clackwell;Essex
Clacton on Sea;Essex
Coggeshall;Essex
Colchester;Essex
Corringham;Essex
Dovercourt;Essex
Eastwood;Essex
Epping;Essex
Frinton on Sea;Essex
Grays;Essex
Great Dunmow;Essex
Hadleigh;Essex
Halstead;Essex
Harlow;Essex
Harwich;Essex
Heybridge;Essex
Hockley;Essex
Holland on Sea;Essex
Ingatestone;Essex
Laindon;Essex
Langdon Hills;Essex
Leigh on Sea;Essex
Loughton;Essex
Maldon;Essex
Manningtree;Essex
North Shoebury;Essex
Ongar;Essex
Parkeston;Essex
Pitsea;Essex
Prettlewell;Essex
Rayleigh;Essex
Rochford;Essex
Romford;Essex
Saffron Walden;Essex
Shoeburyness;Essex
South Benfleet;Essex
South Woodham Ferrers;Essex
Southchurch;Essex
Southend on Sea;Essex
Southminster;Essex
Stanfield le Hope;Essex
Thaxted;Essex
Thorpe Bay;Essex
Tilbury;Essex
Waltham Abbey;Essex
Walton on the Naze;Essex
West Mersea;Essex
West Thurrock;Essex
West Tilbury;Essex
Westcliff on Sea;Essex
Wickford;Essex
Witham;Essex
Wivenhoe;Essex
Berkeley;Gloucestershire
Bradley Stoke;Gloucestershire
Cheltenham;Gloucestershire
Chipping Campden;Gloucestershire
Chipping Sodbury;Gloucestershire
Cinderford;Gloucestershire
Cirencester;Gloucestershire
Coleford;Gloucestershire
Dursley;Gloucestershire
Fairford;Gloucestershire
Filton;Gloucestershire
Gloucester;Gloucestershire
Kingswood;Gloucestershire
Lechlade;Gloucestershire
Lydney;Gloucestershire
Minchinhampton;Gloucestershire
Mitcheldean;Gloucestershire
Moreton in Marsh;Gloucestershire
Nailsworth;Gloucestershire
Newent;Gloucestershire
Northleach;Gloucestershire
Painswick;Gloucestershire
Patchway;Gloucestershire
Stonehouse;Gloucestershire
Stow on the Wold;Gloucestershire
Stroud;Gloucestershire
Tetbury;Gloucestershire
Tewkesbury;Gloucestershire
Thornbury;Gloucestershire
Wickwar;Gloucestershire
Winchcombe;Gloucestershire
Wotton under Edge;Gloucestershire
Yate;Gloucestershire
Acton;Greater London
Barking;Greater London
Barnes;Greater London
Beckenham;Greater London
Bexley;Greater London
Brentford;Greater London
Bromley;Greater London
Chingford;Greater London
Croydon;Greater London
Dagenham;Greater London
Ealing;Greater London
East Ham;Greater London
Edgware;Greater London
Edmonton;Greater London
Enfield;Greater London
Erith;Greater London
Finchley;Greater London
Harrow;Greater London
Hendon;Greater London
Hornsey;Greater London
Ilford;Greater London
Kingston upon Thames;Greater London
Leyton;Greater London
Mitcham;Greater London
Richmond;Greater London
Southall;Greater London
Southgate;Greater London
St Mary Cray;Greater London
Surbiton;Greater London
Tottenham;Greater London
Twickenham;Greater London
Uxbridge;Greater London
Walthamstow;Greater London
Wembley;Greater London
West Ham;Greater London
Willesden;Greater London
Wimbledon;Greater London
Wood Green;Greater London
Altrincham;Greater Manchester
Ashton in Makerfield;Greater Manchester
Ashton under Lyne;Greater Manchester
Atherton;Greater Manchester
Audenshaw;Greater Manchester
Blackrod;Greater Manchester
Bolton;Greater Manchester
Bury;Greater Manchester
Cadishead;Greater Manchester
Chadderton;Greater Manchester
Cheadle;Greater Manchester
Cheadle Hulme;Greater Manchester
Denton;Greater Manchester
Droylsden;Greater Manchester
Dukinfield;Greater Manchester
Eccles;Greater Manchester
Failsworth;Greater Manchester
Farnworth;Greater Manchester
Golbourne;Greater Manchester
Heywood;Greater Manchester
Hindley;Greater Manchester
Horwich;Greater Manchester
Hyde;Greater Manchester
Ince in Makerfield;Greater Manchester
Irlam;Greater Manchester
Kearsley;Greater Manchester
Leigh;Greater Manchester
Littleborough;Greater Manchester
Manchester;Greater Manchester
Middleton;Greater Manchester
Milnrow;Greater Manchester
Mossley;Greater Manchester
Oldham;Greater Manchester
Partington;Greater Manchester
Pendlebury;Greater Manchester
Prestwich;Greater Manchester
Radcliffe;Greater Manchester
Ramsbottom;Greater Manchester
Rochdale;Greater Manchester
Royton;Greater Manchester
Sale;Greater Manchester
Salford;Greater Manchester
Shaw and Crompton;Greater Manchester
Stalybridge;Greater Manchester
Stockport;Greater Manchester
Stretford;Greater Manchester
Swinton;Greater Manchester
Tottington;Greater Manchester
Tyldsley;Greater Manchester
Walkden;Greater Manchester
Westhoughton;Greater Manchester
Whitefield;Greater Manchester
Wigan;Greater Manchester
Worsley;Greater Manchester
Aldershot;Hampshire
Alton;Hampshire
Andover;Hampshire
Basingstoke;Hampshire
Bishop's Waltham;Hampshire
Blackwater and Hawley;Hampshire
Bordon;Hampshire
Eastleigh;Hampshire
Emsworth;Hampshire
Fareham;Hampshire
Farnborough;Hampshire
Fleet;Hampshire
Fordingbridge;Hampshire
Gosport;Hampshire
Havant;Hampshire
Hedge End;Hampshire
Hythe;Hampshire
Lee on the Solent;Hampshire
Lymington;Hampshire
Lyndhurst;Hampshire
New Alresford;Hampshire
New Milton;Hampshire
North Camp;Hampshire
Petersfield;Hampshire
Portchester;Hampshire
Portsmouth;Hampshire
Ringwood;Hampshire
Romsey;Hampshire
Southampton;Hampshire
Southsea;Hampshire
Southwick;Hampshire
Tadley;Hampshire
Totton;Hampshire
Waterlooville;Hampshire
Whitchurch;Hampshire
Whitehill;Hampshire
Wickham;Hampshire
Winchester;Hampshire
Yateley;Hampshire
Bromyard;Herefordshire
Hatfield;Herefordshire
Hereford;Herefordshire
Kington;Herefordshire
Ledbury;Herefordshire
Leominster;Herefordshire
Longtown;Herefordshire
Ross on Wye;Herefordshire
Baldock;Hertfordshire
Barnet;Hertfordshire
Berkhamsted;Hertfordshire
Bishop's Stortford;Hertfordshire
Borehamwood;Hertfordshire
Broxbourne;Hertfordshire
Buntingford;Hertfordshire
Bushey;Hertfordshire
Cheshunt;Hertfordshire
Chorleywood;Hertfordshire
Elstree;Hertfordshire
Harpenden;Hertfordshire
Hatfield;Hertfordshire
Hemel Hempstead;Hertfordshire
Hertford;Hertfordshire
Hitchin;Hertfordshire
Hoddesdon;Hertfordshire
Letchworth;Hertfordshire
Potters Bar;Hertfordshire
Rickmansworth;Hertfordshire
Royston;Hertfordshire
Sawbridgeworth;Hertfordshire
Stevenage;Hertfordshire
Tring;Hertfordshire
Waltham Cross;Hertfordshire
Ware;Hertfordshire
Watford;Hertfordshire
Welwyn Garden City;Hertfordshire
Appley;Isle of Wight
Brading;Isle of Wight
Cowes;Isle of Wight
East Cowes;Isle of Wight
Newport;Isle of Wight
Ryde;Isle of Wight
Sandown;Isle of Wight
Shanklin;Isle of Wight
Ventnor;Isle of Wight
Yarmouth;Isle of Wight
Ashford;Kent
Broadstairs;Kent
Canterbury;Kent
Chatham;Kent
Cranbrook;Kent
Crayford;Kent
Dartford;Kent
Deal;Kent
Dover;Kent
Edenbridge;Kent
Faversham;Kent
Folkestone;Kent
Fordwich;Kent
Gillingham;Kent
Gravesend;Kent
Greenhill;Kent
Herne Bay;Kent
Hythe;Kent
Lydd;Kent
Maidstone;Kent
Margate;Kent
Minster;Kent
New Romney;Kent
Northfleet;Kent
Orpington;Kent
Paddock Wood;Kent
Queenborough;Kent
Rainham;Kent
Ramsgate;Kent
Rochester;Kent
Royal Tunbridge Wells;Kent
Sandwich;Kent
Sevenoaks;Kent
Sheerness;Kent
Sittingbourne;Kent
Snodland;Kent
Southborough;Kent
Strood;Kent
Swanley;Kent
Swanscombe and Greenhithe;Kent
Tenterden;Kent
Tonbridge;Kent
Tunbridge Wells;Kent
West Malling;Kent
Westerham;Kent
Westgate on Sea;Kent
Whitstable;Kent
Accrington;Lancashire
Adlington;Lancashire
Bacup;Lancashire
Barnoldswick;Lancashire
Blackburn;Lancashire
Blackpool;Lancashire
Brierfield;Lancashire
Burnley;Lancashire
Carnforth;Lancashire
Chorley;Lancashire
Clayton le Moors;Lancashire
Cleveleys;Lancashire
Clitheroe;Lancashire
Colne;Lancashire
Darwen;Lancashire
Failsworth;Lancashire
Fleetwood;Lancashire
Garstang;Lancashire
Great Harwood;Lancashire
Haslingden;Lancashire
Kirkham;Lancashire
Lancaster;Lancashire
Leyland;Lancashire
Longridge;Lancashire
Lytham St Annes;Lancashire
Medlar with Wesham;Lancashire
Morecambe;Lancashire
Nelson;Lancashire
Ormskirk;Lancashire
Oswaldtwistle;Lancashire
Padiham;Lancashire
Penwortham;Lancashire
Poulton le Fylde;Lancashire
Preesall;Lancashire
Preston;Lancashire
Rawtenstall;Lancashire
Skelmersdale;Lancashire
Thornton;Lancashire
Thornton Cleveleys;Lancashire
Wesham;Lancashire
Whitworth;Lancashire
Ashby de la Zouch;Leicestershire
Ashby Woulds;Leicestershire
Braunstone Town;Leicestershire
Coalville;Leicestershire
Earl Shilton;Leicestershire
Hinckley;Leicestershire
Leicester;Leicestershire
Loughborough;Leicestershire
Lutterworth;Leicestershire
Market Bosworth;Leicestershire
Market Harborough;Leicestershire
Melton Mowbray;Leicestershire
Oadby;Leicestershire
Shepshed;Leicestershire
Syston;Leicestershire
Wigston Magna;Leicestershire
Alford;Lincolnshire
Barton upon Humber;Lincolnshire
Boston;Lincolnshire
Bottesford;Lincolnshire
Bourne;Lincolnshire
Brigg;Lincolnshire
Broughton;Lincolnshire
Burgh le Marsh;Lincolnshire
Caistor;Lincolnshire
Cleethorpes;Lincolnshire
Coningsby;Lincolnshire
Crowland;Lincolnshire
Crowle;Lincolnshire
Epworth;Lincolnshire
Gainsborough;Lincolnshire
Grantham;Lincolnshire
Grimsby;Lincolnshire
Holbeach;Lincolnshire
Horncastle;Lincolnshire
Immingham;Lincolnshire
Kirton in Lindsey;Lincolnshire
Lincoln;Lincolnshire
Little Coates;Lincolnshire
Long Sutton;Lincolnshire
Louth;Lincolnshire
Mablethorpe;Lincolnshire
Mablethorpe and Sutton;Lincolnshire
Market Deeping;Lincolnshire
Market Rasen;Lincolnshire
North Hykeham;Lincolnshire
Scunthorpe;Lincolnshire
Skegness;Lincolnshire
Sleaford;Lincolnshire
Spalding;Lincolnshire
Spilsby;Lincolnshire
Stamford;Lincolnshire
The Deepings;Lincolnshire
Wainfleet;Lincolnshire
Winterton;Lincolnshire
Wragby;Lincolnshire
Bebington;Merseyside
Birkenhead;Merseyside
Bootle;Merseyside
Bromborough;Merseyside
Crosby;Merseyside
Earlestown;Merseyside
Formby;Merseyside
Halewood;Merseyside
Heswall;Merseyside
Hoylake;Merseyside
Huyton;Merseyside
Kirkby;Merseyside
Liverpool;Merseyside
Maghull;Merseyside
Newton le Willows;Merseyside
Prescot;Merseyside
Rainford;Merseyside
Rainhill;Merseyside
Southport;Merseyside
St Helens;Merseyside
Wallasey;Merseyside
Whiston;Merseyside
Acle;Norfolk
Attleborough;Norfolk
Aylsham;Norfolk
Caister on Sea;Norfolk
Cromer;Norfolk
Dereham;Norfolk
Diss;Norfolk
Downham Market;Norfolk
Fakenham;Norfolk
Gorleston;Norfolk
Great Yarmouth;Norfolk
Hingham;Norfolk
Holt;Norfolk
Hunstanton;Norfolk
King's Lynn;Norfolk
Loddon;Norfolk
North Walsham;Norfolk
Norwich;Norfolk
Rackheath;Norfolk
Redenhall with Harleston;Norfolk
Reepham;Norfolk
Sheringham;Norfolk
Stalham;Norfolk
Swaffham;Norfolk
Thetford;Norfolk
Thorpe St Andrew;Norfolk
Watton;Norfolk
Wells next the Sea;Norfolk
Wroxham;Norfolk
Wymondham;Norfolk
Bedale;North Yorkshire
Bentham;North Yorkshire
Boroughbridge;North Yorkshire
Colburn;North Yorkshire
Easingwold;North Yorkshire
Eston;North Yorkshire
Filey;North Yorkshire
Grangetown;North Yorkshire
Grassington;North Yorkshire
Guisborough;North Yorkshire
Harrogate;North Yorkshire
Hawes;North Yorkshire
Haxby;North Yorkshire
Helmsley;North Yorkshire
Ingleby Barwick;North Yorkshire
Kirkbymoorside;North Yorkshire
Knaresborough;North Yorkshire
Leyburn;North Yorkshire
Loftus;North Yorkshire
Malton;North Yorkshire
Masham;North Yorkshire
Middleham;North Yorkshire
Middlesbrough;North Yorkshire
Northallerton;North Yorkshire
Norton on Derwent;North Yorkshire
Pateley Bridge;North Yorkshire
Pickering;North Yorkshire
Redcar;North Yorkshire
Richmond;North Yorkshire
Ripon;North Yorkshire
Robin Hood's Bay;North Yorkshire
Saltburn by the Sea;North Yorkshire
Scarborough;North Yorkshire
Selby;North Yorkshire
Settle;North Yorkshire
Sherburn in Elmet;North Yorkshire
Skelton in Cleveland;North Yorkshire
Skipton;North Yorkshire
Stockton on Tees;North Yorkshire
Stokesley;North Yorkshire
Tadcaster;North Yorkshire
Thirsk;North Yorkshire
Thornaby on Tees;North Yorkshire
Whitby;North Yorkshire
Yarm;North Yorkshire
York;North Yorkshire
Brackley;Northamptonshire
Burton Latimer;Northamptonshire
Corby;Northamptonshire
Daventry;Northamptonshire
Desborough;Northamptonshire
Higham Ferrers;Northamptonshire
Irthlingborough;Northamptonshire
Kettering;Northamptonshire
Northampton;Northamptonshire
Oundle;Northamptonshire
Raunds;Northamptonshire
Rothwell;Northamptonshire
Rushden;Northamptonshire
Thrapston;Northamptonshire
Towcester;Northamptonshire
Wellingborough;Northamptonshire
Alnwick;Northumberland
Amble;Northumberland
Ashington;Northumberland
Bedlington;Northumberland
Berwick upon Tweed;Northumberland
Blyth;Northumberland
Corbridge;Northumberland
Cramlington;Northumberland
Haltwhistle;Northumberland
Hexham;Northumberland
Morpeth;Northumberland
Newbiggin by the Sea;Northumberland
Ponteland;Northumberland
Prudhoe;Northumberland
Rothbury;Northumberland
West Bedlington;Northumberland
Wooler;Northumberland
Arnold;Nottinghamshire
Beeston;Nottinghamshire
Bingham;Nottinghamshire
Bracebridge;Nottinghamshire
Bulwell;Nottinghamshire
Carlton;Nottinghamshire
Cotgrave;Nottinghamshire
East Retford;Nottinghamshire
Eastwood;Nottinghamshire
Harworth and Bircotes;Nottinghamshire
Hucknall;Nottinghamshire
Kilton;Nottinghamshire
Kimberley;Nottinghamshire
Kirkby in Ashfield;Nottinghamshire
Mansfield;Nottinghamshire
Netherfield;Nottinghamshire
Newark on Trent;Nottinghamshire
Nottingham;Nottinghamshire
Ollerton;Nottinghamshire
Ollerton and Boughton;Nottinghamshire
Retford;Nottinghamshire
Southwell;Nottinghamshire
Stapleford;Nottinghamshire
Sutton in Ashfield;Nottinghamshire
Warsop;Nottinghamshire
West Bridgefield;Nottinghamshire
Worksop;Nottinghamshire
Abingdon;Oxfordshire
Banbury;Oxfordshire
Bicester;Oxfordshire
Burford;Oxfordshire
Carterton;Oxfordshire
Charlbury;Oxfordshire
Chipping Norton;Oxfordshire
Didcot;Oxfordshire
Dorchester;Oxfordshire
Faringdon;Oxfordshire
Henley on Thames;Oxfordshire
Neithrop;Oxfordshire
Oxford;Oxfordshire
Ruscote;Oxfordshire
Thame;Oxfordshire
Wallingford;Oxfordshire
Wantage;Oxfordshire
Watlington;Oxfordshire
Weston Otmoor;Oxfordshire
Witney;Oxfordshire
Woodstock;Oxfordshire
Oakham;Rutland
Uppingham;Rutland
Bishop's Castle;Shropshire
Bridgnorth;Shropshire
Broseley;Shropshire
Church Stretton;Shropshire
Cleobury Mortimer;Shropshire
Clun;Shropshire
Craven Arms;Shropshire
Dawley;Shropshire
Ellesmere;Shropshire
Ludlow;Shropshire
Madeley;Shropshire
Market Drayton;Shropshire
Much Wenlock;Shropshire
Newport;Shropshire
Oakengates;Shropshire
Oswestry;Shropshire
Shifnal;Shropshire
Shrewsbury;Shropshire
Telford;Shropshire
Wellington;Shropshire
Wem;Shropshire
Whitchurch;Shropshire
Axbridge;Somerset
Bath;Somerset
Bridgwater;Somerset
Bruton;Somerset
Burnham on Sea;Somerset
Castle Cary;Somerset
Chard;Somerset
Clevedon;Somerset
Crewkerne;Somerset
Dulverton;Somerset
Frome;Somerset
Glastonbury;Somerset
Highbridge;Somerset
Ilminster;Somerset
Keynsham;Somerset
Langport;Somerset
Midsomer Norton;Somerset
Minehead;Somerset
Nailsea;Somerset
North Petherton;Somerset
Norton Radstock;Somerset
Portishead;Somerset
Portishead and North Weston;Somerset
Radstock;Somerset
Shepton Mallet;Somerset
Somerton;Somerset
South Petherton;Somerset
Street;Somerset
Taunton;Somerset
Watchet;Somerset
Wellington;Somerset
Wells;Somerset
Weston super Mare;Somerset
Wincanton;Somerset
Winsford;Somerset
Wiveliscombe;Somerset
Yeovil;Somerset
Anston;South Yorkshire
Askern;South Yorkshire
Barnsley;South Yorkshire
Bawtry;South Yorkshire
Brierley;South Yorkshire
Conisbrough;South Yorkshire
Dinnington;South Yorkshire
Doncaster;South Yorkshire
Edlington;South Yorkshire
Hatfield;South Yorkshire
Hoyland;South Yorkshire
Maltby;South Yorkshire
Mexborough;South Yorkshire
Penistone;South Yorkshire
Rotherham;South Yorkshire
Sheffield;South Yorkshire
Stainforth;South Yorkshire
Stocksbridge;South Yorkshire
Swinton;South Yorkshire
Thorne;South Yorkshire
Tickhill;South Yorkshire
Wath upon Dearne;South Yorkshire
Wombwell;South Yorkshire
Alton;Staffordshire
Biddulph;Staffordshire
Burntwood;Staffordshire
Burslem;Staffordshire
Burton upon Trent;Staffordshire
Cannock;Staffordshire
Cheadle;Staffordshire
Eccleshall;Staffordshire
Fazeley;Staffordshire
Fenton;Staffordshire
Hednesford;Staffordshire
Kidsgrove;Staffordshire
Leek;Staffordshire
Lichfield;Staffordshire
Longton;Staffordshire
Newcastle under Lyme;Staffordshire
Penkridge;Staffordshire
Perry Crofts;Staffordshire
Rugeley;Staffordshire
Stafford;Staffordshire
Stoke on Trent;Staffordshire
Stone;Staffordshire
Tamworth;Staffordshire
Tunstall;Staffordshire
Uttoxeter;Staffordshire
Aldeburgh;Suffolk
Beccles;Suffolk
Brandon;Suffolk
Bungay;Suffolk
Bury St Edmunds;Suffolk
Carlton Colville;Suffolk
Clare;Suffolk
Dommoc;Suffolk
Dunwich;Suffolk
Eye;Suffolk
Felixstowe;Suffolk
Framlingham;Suffolk
Hadleigh;Suffolk
Halesworth;Suffolk
Haverhill;Suffolk
Ipswich;Suffolk
Kesgrave;Suffolk
Leiston;Suffolk
Lowestoft;Suffolk
Mildenhall;Suffolk
Needham Market;Suffolk
Newmarket;Suffolk
Orford;Suffolk
Otley;Suffolk
Saxmundham;Suffolk
Southwold;Suffolk
Stowmarket;Suffolk
Sudbury;Suffolk
Woodbridge;Suffolk
Ashford;Surrey
Beltchingley;Surrey
Camberley;Surrey
Chertsey;Surrey
Croydon;Surrey
Dorking;Surrey
Egham;Surrey
Epsom;Surrey
Esher;Surrey
Farnham;Surrey
Godalming;Surrey
Gomshall;Surrey
Gratton;Surrey
Great Brookham;Surrey
Guildford;Surrey
Haslemere;Surrey
Horley;Surrey
Kingston upon Thames;Surrey
Leatherhead;Surrey
Redhill;Surrey
Reigate;Surrey
Southwark;Surrey
Staines upon Thames;Surrey
Walton on Thames;Surrey
Weybridge;Surrey
Woking;Surrey
Birtley;Tyne and Wear
Blaydon on tyne;Tyne and Wear
Cullercoats;Tyne and Wear
Darsley Park;Tyne and Wear
Dunston;Tyne and Wear
Gateshead;Tyne and Wear
Hetton;Tyne and Wear
Houghton le Spring;Tyne and Wear
Howdon;Tyne and Wear
Jarrow;Tyne and Wear
Killingworth;Tyne and Wear
Little Benton;Tyne and Wear
Longbenton;Tyne and Wear
Low Fell;Tyne and Wear
Newcastle upon Tyne;Tyne and Wear
North Shields;Tyne and Wear
Ryton;Tyne and Wear
Sheriff Hill;Tyne and Wear
South Shields;Tyne and Wear
Sunderland;Tyne and Wear
Tynemouth;Tyne and Wear
Wallsend;Tyne and Wear
Washington;Tyne and Wear
Whitley Bay;Tyne and Wear
Willington Quay;Tyne and Wear
Windy Nook;Tyne and Wear
Alcester;Warwickshire
Atherstone;Warwickshire
Bedworth;Warwickshire
Coleshill;Warwickshire
Henley in Arden;Warwickshire
Kenilworth;Warwickshire
Middle Quinton;Warwickshire
Nuneaton;Warwickshire
Royal Leamington Spa;Warwickshire
Rugby;Warwickshire
Shipston on Stour;Warwickshire
Southam;Warwickshire
Stratford upon Avon;Warwickshire
Warwick;Warwickshire
Whitnash;Warwickshire
Aldridge;West Midlands
Bilston;West Midlands
Birmingham;West Midlands
Blackheath;West Midlands
Bloxwich;West Midlands
Brierley Hill;West Midlands
Brownhills;West Midlands
Coal Pool;West Midlands
Coseley;West Midlands
Coventry;West Midlands
Cradley Heath;West Midlands
Darlaston;West Midlands
Dudley;West Midlands
Fordbridge;West Midlands
Gornal;West Midlands
Halesowen;West Midlands
Lye;West Midlands
Moxley;West Midlands
Netherton;West Midlands
Oldbury;West Midlands
Pelsall;West Midlands
Rowley Regis;West Midlands
Sedgley;West Midlands
Smethwick;West Midlands
Solihull;West Midlands
Stourbridge;West Midlands
Sutton Coldfield;West Midlands
Tipton;West Midlands
Walsall;West Midlands
Wednesbury;West Midlands
Wednesfield;West Midlands
West Bromwich;West Midlands
Willenhall;West Midlands
Wolverhampton;West Midlands
Arundel;West Sussex
Bognor Regis;West Sussex
Burgess Hill;West Sussex
Chichester;West Sussex
Crawley;West Sussex
Cuckfield;West Sussex
East Grinstead;West Sussex
Haywards Heath;West Sussex
Horsham;West Sussex
Littlehampton;West Sussex
Midhurst;West Sussex
Petworth;West Sussex
Selsey;West Sussex
Shoreham by Sea;West Sussex
Southwick;West Sussex
Steyning;West Sussex
Worthing;West Sussex
Baildon;West Yorkshire
Batley;West Yorkshire
Bingley;West Yorkshire
Bradford;West Yorkshire
Brighouse;West Yorkshire
Castleford;West Yorkshire
Cleckheaton;West Yorkshire
Denholme;West Yorkshire
Dewsbury;West Yorkshire
Elland;West Yorkshire
Farsley;West Yorkshire
Featherstone;West Yorkshire
Garforth;West Yorkshire
Guiseley;West Yorkshire
Halifax;West Yorkshire
Hebden Bridge;West Yorkshire
Hebden Royd;West Yorkshire
Heckmondwike;West Yorkshire
Hemsworth;West Yorkshire
Holmfirth;West Yorkshire
Horsforth;West Yorkshire
Huddersfield;West Yorkshire
Ilkley;West Yorkshire
Keighley;West Yorkshire
Knottingley;West Yorkshire
Leeds;West Yorkshire
Meltham;West Yorkshire
Mirfield;West Yorkshire
Morley;West Yorkshire
Mytholmroyd;West Yorkshire
Normanton;West Yorkshire
Ossett;West Yorkshire
Otley;West Yorkshire
Pontefract;West Yorkshire
Pudsey;West Yorkshire
Rothwell;West Yorkshire
Shipley;West Yorkshire
Silsden;West Yorkshire
South Elmsall;West Yorkshire
South Kirkby and Moorthorpe;West Yorkshire
Sowerby Bridge;West Yorkshire
Todmorden;West Yorkshire
Wakefield;West Yorkshire
Wetherby;West Yorkshire
Yeadon;West Yorkshire
Amesbury;Wiltshire
Bradford on Avon;Wiltshire
Calne;Wiltshire
Chippenham;Wiltshire
Corsham;Wiltshire
Cricklade;Wiltshire
Devizes;Wiltshire
Highworth;Wiltshire
Ludgershall;Wiltshire
Malmesbury;Wiltshire
Marlborough;Wiltshire
Melksham;Wiltshire
Mere;Wiltshire
Royal Wootton Bassett;Wiltshire
Salisbury;Wiltshire
Swindon;Wiltshire
Tidworth;Wiltshire
Tisbury;Wiltshire
Trowbridge;Wiltshire
Warminster;Wiltshire
Westbury;Wiltshire
Wilton;Wiltshire
Bewdley;Worcestershire
Bromsgrove;Worcestershire
Droitwich Spa;Worcestershire
Evesham;Worcestershire
Great Malvern;Worcestershire
Kidderminster;Worcestershire
Malvern;Worcestershire
Pershore;Worcestershire
Redditch;Worcestershire
Stourport on Severn;Worcestershire
Tenbury Wells;Worcestershire
Upton upon Severn;Worcestershire
Worcester;Worcestershire
Antrim;County Antrim
Ballycastle;County Antrim
Ballyclare;County Antrim
Ballymena;County Antrim
Ballymoney;County Antrim
Bushmills;County Antrim
Carrickfergus;County Antrim
Crumlin;County Antrim
Greenisland;County Antrim
Larne;County Antrim
Lisburn;County Antrim
Merville Garden Village;County Antrim
Newtownabbey;County Antrim
Portrush;County Antrim
Randalstown;County Antrim
Armagh;County Armagh
Craigavon;County Armagh
Lurgan;County Armagh
Markethill;County Armagh
Newry;County Armagh
Portadown;County Armagh
Ballynahinch;County Down
Banbridge;County Down
Bangor;County Down
Carryduff;County Down
Castlewellan;County Down
Comber;County Down
Donaghadee;County Down
Doromore;County Down
Downpatrick;County Down
Dundonald;County Down
Holywood;County Down
Kilkeel;County Down
Killyleagh;County Down
Lisburn;County Down
Newcastle;County Down
Newtownards;County Down
Portaferry;County Down
Rostrevor;County Down
Saintfield;County Down
Warrenpoint;County Down
Enniskillen;County Fermanagh
Lisnaskea;County Fermanagh
Coleraine;County Londonderry
Derry;County Londonderry
Limavady;County Londonderry
Magherafelt;County Londonderry
Portstewart;County Londonderry
Castlederg;County Tyrone
Clogher;County Tyrone
Coalisland;County Tyrone
Cookstown;County Tyrone
Dungannon;County Tyrone
Fintona;County Tyrone
Fivemiletown;County Tyrone
Omagh;County Tyrone
Strabane;County Tyrone
Aberdeen;Aberdeenshire
Alford;Aberdeenshire
Ballater;Aberdeenshire
Banchory;Aberdeenshire
Banff;Aberdeenshire
Banff and Macduff;Aberdeenshire
Blackburn;Aberdeenshire
Boddam;Aberdeenshire
Clerkhill;Aberdeenshire
Ellon;Aberdeenshire
Fraserburgh;Aberdeenshire
Huntly;Aberdeenshire
Insch;Aberdeenshire
Inverbervie;Aberdeenshire
Inverurie;Aberdeenshire
Kemnay;Aberdeenshire
Kintore;Aberdeenshire
Laurencekirk;Aberdeenshire
Macduff;Aberdeenshire
Maud;Aberdeenshire
Oldmeldrum;Aberdeenshire
Peterhead;Aberdeenshire
Portlethen;Aberdeenshire
Portsoy;Aberdeenshire
Red Cloak;Aberdeenshire
Rosehearty;Aberdeenshire
Stonehaven;Aberdeenshire
Turriff;Aberdeenshire
Westhill;Aberdeenshire
Arbroath;Angus
Brechin;Angus
Carnoustie;Angus
Forfar;Angus
Kirriemuir;Angus
Monifieth;Angus
Montrose;Angus
Alloa;Clackmannanshire
Alva;Clackmannanshire
Clackmannan;Clackmannanshire
Dollar;Clackmannanshire
Menstrie;Clackmannanshire
Tillicoultry;Clackmannanshire
Tullibody;Clackmannanshire
Annan;Dumfries and Galloway
Castle Douglas;Dumfries and Galloway
Dalbeattie;Dumfries and Galloway
Dumfries;Dumfries and Galloway
Gatehouse of Fleet;Dumfries and Galloway
Gretna;Dumfries and Galloway
Kelloholm;Dumfries and Galloway
Kirkconnel;Dumfries and Galloway
Kirkcudbright;Dumfries and Galloway
Langholm;Dumfries and Galloway
Lochmaben;Dumfries and Galloway
Lockerbie;Dumfries and Galloway
Moffat;Dumfries and Galloway
Monreith;Dumfries and Galloway
Newbridge Drive;Dumfries and Galloway
Newton Stewart;Dumfries and Galloway
Sanquhar;Dumfries and Galloway
Stranraer;Dumfries and Galloway
Thornhill;Dumfries and Galloway
Wigtown;Dumfries and Galloway
Dundee;Dundee
Cockenzie and Port Seton;East Lothian
Dunbar;East Lothian
Haddington;East Lothian
Musselburgh;East Lothian
North Berwick;East Lothian
Prestonpans;East Lothian
Tranent;East Lothian
Edinburgh?;Edinburgh?
Airth;Falkirk
Bo'ness;Falkirk
Bonnybridge;Falkirk
Borrowstounness;Falkirk
Carron;Falkirk
Denny;Falkirk
Duniplace;Falkirk
Dunmore;Falkirk
Falkirk;Falkirk
Grahamston;Falkirk
Grangemouth;Falkirk
Larbert;Falkirk
Stenhousemuir;Falkirk
Anstruther;Fife
Auchtermuchty;Fife
Balcurvie;Fife
Ballingry;Fife
Benarty;Fife
Buckhaven;Fife
Burntisland;Fife
Collydean;Fife
Cowdenbeath;Fife
Crail;Fife
Cupar;Fife
Dalgety Bay;Fife
Dunfermline;Fife
Dysart;Fife
East Wemyss;Fife
Falkland;Fife
Glenrothes;Fife
Inverkeithing;Fife
Kelty;Fife
Kincardine;Fife
Kinghorn;Fife
Kinglassie;Fife
Kirkcaldy;Fife
Ladybank;Fife
Letham;Fife
Leuchars;Fife
Leven;Fife
Levenmouth;Fife
Lochgelly;Fife
Markinch;Fife
Methil;Fife
Newburgh;Fife
Newport on Tay;Fife
North Queensferry;Fife
Pitcoudie;Fife
Pittenweem;Fife
Rosyth;Fife
St Andrews;Fife
St Monans;Fife
Tayport;Fife
Woodhaven;Fife
Wormit;Fife
Alness;Highlands
Aviemore;Highlands
Brora;Highlands
Cromarty;Highlands
Dingwall;Highlands
Dornoch;Highlands
Fort William;Highlands
Fortrose;Highlands
Grantown on Spey;Highlands
Invergordon;Highlands
Inverlochy;Highlands
Inverness;Highlands
Kingussie;Highlands
Mallaig;Highlands
Nairn;Highlands
Portree;Highlands
Tain;Highlands
Thurso;Highlands
Ullapool;Highlands
Wick;Highlands
Bathgate;Lothian
Dalkeith;Lothian
Dunbar;Lothian
Edinburgh;Lothian
Haddington;Lothian
Linlithgow;Lothian
Loanhead;Lothian
Musselburgh;Lothian
North Berwick;Lothian
Penicuik;Lothian
Buckie;Moray
Cullen;Moray
Dufftown;Moray
Elgin;Moray
Forres;Moray
Keith;Moray
Lossiemouth;Moray
Aberfeldy;Perth and Kinross
Auchterarder;Perth and Kinross
Birnam;Perth and Kinross
Blackford;Perth and Kinross
Blair Atholl;Perth and Kinross
Blairgowrie and Rattray;Perth and Kinross
Bridge of Earn;Perth and Kinross
Bridge of Tilt;Perth and Kinross
Comrie;Perth and Kinross
Coupar Angus;Perth and Kinross
Crieff;Perth and Kinross
Kinross;Perth and Kinross
Perth;Perth and Kinross
Pitlochry;Perth and Kinross
Scone;Perth and Kinross
Coldstream;Scottish Borders
Duns;Scottish Borders
Earlston;Scottish Borders
Eyemouth;Scottish Borders
Galashiels;Scottish Borders
Greenlaw;Scottish Borders
Hawick;Scottish Borders
Innerleithen;Scottish Borders
Jedburgh;Scottish Borders
Kelso;Scottish Borders
Lauder;Scottish Borders
Melrose;Scottish Borders
Newtown St Boswells;Scottish Borders
Peebles;Scottish Borders
Selkirk;Scottish Borders
Bridge of Allan;Stirlingshire
Callander;Stirlingshire
Doune;Stirlingshire
Dunblane;Stirlingshire
Stirling;Stirlingshire
Airdrie;Strathclyde
Ayr;Strathclyde
Barrhead;Strathclyde
Bearsden;Strathclyde
Bellshill;Strathclyde
Biggar;Strathclyde
Campbeltown;Strathclyde
Carluke;Strathclyde
Clydebank;Strathclyde
Coatbridge;Strathclyde
Cumbernauld;Strathclyde
Dumbarton;Strathclyde
Dunoon;Strathclyde
East Kilbride;Strathclyde
Glasgow;Strathclyde
Gourock;Strathclyde
Greenock;Strathclyde
Hamilton;Strathclyde
Helensburgh;Strathclyde
Inveraray;Strathclyde
Irvine;Strathclyde
Johnstone;Strathclyde
Kilbarchan;Strathclyde
Kilmarnock;Strathclyde
Kilwinning;Strathclyde
Lanark;Strathclyde
Largs;Strathclyde
Lochgilphead;Strathclyde
Maybole;Strathclyde
Milngavie;Strathclyde
Motherwell;Strathclyde
Oban;Strathclyde
Paisley;Strathclyde
Prestwick;Strathclyde
Rothesay;Strathclyde
Rutherglen;Strathclyde
Saltcoats;Strathclyde
Tobermory;Strathclyde
Troon;Strathclyde
Armadale;West Lothian
Ballencrieff;West Lothian
Bathgate;West Lothian
Blackburn;West Lothian
Blackridge;West Lothian
Bridgend;West Lothian
Broxburn;West Lothian
East Calder;West Lothian
Linlithgow;West Lothian
Livingston;West Lothian
Stoneyburn;West Lothian
Whitburn;West Lothian
Kirkwall;Western Isles
Lerwick;Western Isles
Stornoway;Western Isles
Amlwch;Anglesey
Beaumaris;Anglesey
Benllech;Anglesey
Holyhead;Anglesey
Llanfairpwllgwyngyll;Anglesey
Llangefni;Anglesey
Menai Bridge;Anglesey
Ammanford;Carmarthenshire
Burry Port;Carmarthenshire
Carmarthen;Carmarthenshire
Garnant;Carmarthenshire
Glanamman;Carmarthenshire
Kidwelly;Carmarthenshire
Laugharne;Carmarthenshire
Llandeilo;Carmarthenshire
Llandovery;Carmarthenshire
Llanelli;Carmarthenshire
Newcastle Emlyn;Carmarthenshire
St Clears;Carmarthenshire
Whitland;Carmarthenshire
Aberaeron;Ceredigion
Aberystwyth;Ceredigion
Cardigan;Ceredigion
Lampeter;Ceredigion
Llandysul;Ceredigion
New Quay;Ceredigion
Tregaron;Ceredigion
Abergele;Conwy
Colwyn Bay;Conwy
Conwy;Conwy
Deganwy;Conwy
Llandudno;Conwy
Llandudno Junction;Conwy
Llanfairfechan;Conwy
Llanrwst;Conwy
Old Colwyn;Conwy
Penmaenmawr;Conwy
Towyn;Conwy
Carrog;Denbighshire
Corwen;Denbighshire
Denbigh;Denbighshire
Gellifor;Denbighshire
Llangollen;Denbighshire
Prestatyn;Denbighshire
Rhuddlan;Denbighshire
Rhyl;Denbighshire
Ruthin;Denbighshire
St Asaph;Denbighshire
Bagallit;Flintshire
Broughton;Flintshire
Buckley;Flintshire
Caerwys;Flintshire
Connah's Quay;Flintshire
Ewole;Flintshire
Flint;Flintshire
Hawarden;Flintshire
Holywell;Flintshire
Mold;Flintshire
Queensferry;Flintshire
Saltney;Flintshire
Shotton;Flintshire
Abertillery;Gwent
Blaina;Gwent
Brynmawr;Gwent
Cwmbran;Gwent
Ebbw Vale;Gwent
Newport;Gwent
Tafarnaubach;Gwent
Tredegar;Gwent
Bala;Gwynedd
Bangor;Gwynedd
Barmouth;Gwynedd
Beaumaris;Gwynedd
Betws y Coed;Gwynedd
Blaenau Ffestiniog;Gwynedd
Caernarfon;Gwynedd
Conwy;Gwynedd
Criccieth;Gwynedd
Dolgellau;Gwynedd
Ffestiniog;Gwynedd
Harlech;Gwynedd
Holyhead;Gwynedd
Llanberis;Gwynedd
Llanfachreth;Gwynedd
Nefyn;Gwynedd
Porthmadog;Gwynedd
Pwllheli;Gwynedd
Tywyn;Gwynedd
Y Felinheli;Gwynedd
Aberdare;Mid Glamorgan
Bridgend;Mid Glamorgan
Caerphilly;Mid Glamorgan
Llantrisant;Mid Glamorgan
Maesteg;Mid Glamorgan
Merthyr Tydfil;Mid Glamorgan
Pontypridd;Mid Glamorgan
Porth;Mid Glamorgan
Porthcawl;Mid Glamorgan
Abergavenny;Monmouthshire
Caldicot;Monmouthshire
Chepstow;Monmouthshire
Monmouth;Monmouthshire
Usk;Monmouthshire
Fishguard;Pembrokeshire
Goodwick;Pembrokeshire
Hakin;Pembrokeshire
Haverfordwest;Pembrokeshire
Milford Haven;Pembrokeshire
Narberth;Pembrokeshire
Newport;Pembrokeshire
Neyland;Pembrokeshire
Pembroke;Pembrokeshire
Pembroke Dock;Pembrokeshire
St Davids;Pembrokeshire
Tenby;Pembrokeshire
Brecon;Powys
Builth Wells;Powys
Cefnllys;Powys
Crickhowell;Powys
Hay on Wye;Powys
Knighton;Powys
Llandrindod Wells;Powys
Llanfair Caereinion;Powys
Llanfyllin;Powys
Llangors;Powys
Llanidloes;Powys
Llanwrtyd Wells;Powys
Machynlleth;Powys
Montgomery;Powys
Newtown;Powys
Old Radnor;Powys
Presteigne;Powys
Rhayader;Powys
Talgarth;Powys
Welshpool;Powys
Barry;South Glamorgan
Cardiff;South Glamorgan
Cowbridge;South Glamorgan
Llantwit Major;South Glamorgan
Penarth;South Glamorgan
Gorseinon;West Glamorgan
Lliw Valey;West Glamorgan
Neath;West Glamorgan
Port Talbot;West Glamorgan
Swansea;West Glamorgan
Chirk;Wrexham
Overton on Dee;Wrexham
Rhosllannerchrugog;Wrexham
Rhosnesni;Wrexham
Wrexham;Wrexham